	Unnamed: 0	SNP	POS_x	rep1_percent	rep2_percent	%
0	0	ORF1ab_6642:C>CT_Leu2146fs_frameshift	6642.0	0.0391	0.0763	0.0577
1	3	S_23471:C>T_His655Tyr_missense	23471.0	0.4622	0.458	0.4601
2	4	E_26391:T>C_Ser67Ser_synonymous	26391.0	0.2903	0.2972	0.29375
0	0	ORF1ab_6642:C>CT_Leu2146fs_frameshift	6642.0	0.0582	0.0771	0.06765
1	1	S_23471:C>T_His655Tyr_missense	23471.0	0.8535	0.8562	0.85485
2	2	E_26391:T>C_Ser67Ser_synonymous	26391.0	0.28300000000000003	0.2843	0.28365
0	0	ORF1ab_6642:C>CT_Leu2146fs_frameshift	6642.0	0.0505	0.0839	0.06720000000000001
1	1	ORF1ab_10213:T>C_Gly3334Gly_synonymous	10213.0	0.0857	0.0652	0.07544999999999999
2	3	ORF1ab_12164:A>C_Asn3985His_missense	12164.0	0.0317	0.046	0.03885
3	4	S_23471:C>T_His655Tyr_missense	23471.0	0.5669	0.5483	0.5576
4	5	S_24811:C>T_His1101His_synonymous	24811.0	0.1556	0.1338	0.1447
5	6	E_26391:T>C_Ser67Ser_synonymous	26391.0	0.4402	0.4965	0.46835
0	0	ORF1ab_316:G>T_Val35Val_synonymous	316.0	0.0353	0.0411	0.0382
1	1	ORF1ab_6642:C>CT_Leu2146fs_frameshift	6642.0	0.0444	0.0492	0.0468
2	2	ORF1ab_9919:G>A_Lys3236Lys_synonymous	9919.0	0.0347	0.0365	0.0356
3	3	S_23471:C>T_His655Tyr_missense	23471.0	0.6908	0.6988	0.6948
4	4	E_26391:T>C_Ser67Ser_synonymous	26391.0	0.1438	0.1394	0.1416
5	5	N_28843:TAGA>T_Arg209del_disruptive-inframe-deletion	28843.0	0.0472	0.0616	0.0544
0	3	ORF1ab_6300:C>T_Ser2030Leu_missense	6300.0	0.031	0.0537	0.04235
1	5	ORF1ab_10213:T>C_Gly3334Gly_synonymous	10213.0	0.1526	0.2314	0.192
2	10	S_23471:C>T_His655Tyr_missense	23471.0	0.5325	0.6394	0.58595
3	13	E_26391:T>C_Ser67Ser_synonymous	26391.0	0.3518	0.3728	0.3623
0	0	ORF1ab_2181:G>A_Cys657Tyr_missense	2181.0	0.0435	0.0336	0.03855
1	1	ORF1ab_6642:C>CT_Leu2146fs_frameshift	6642.0	0.0569	0.0376	0.04725
2	2	ORF1ab_9919:G>A_Lys3236Lys_synonymous	9919.0	0.2008	0.1913	0.19605
3	3	ORF1ab_11029:G>T_Leu3606Phe_missense	11029.0	0.0586	0.0883	0.07345
4	4	S_23471:C>T_His655Tyr_missense	23471.0	0.3175	0.1912	0.25435
5	6	E_26391:T>C_Ser67Ser_synonymous	26391.0	0.1584	0.1786	0.1685
6	7	N_28843:TAGA>T_Arg209del_disruptive-inframe-deletion	28843.0	0.1508	0.1238	0.13729999999999998
0	1	ORF1ab_1983:C>T_Ala591Val_missense	1983.0	0.1095	0.1177	0.1136
1	2	ORF1ab_6642:C>CT_Leu2146fs_frameshift	6642.0	0.0485	0.0426	0.04555
2	3	ORF1ab_19097:C>T_Ala6296Val_missense	19097.0	0.1754	0.1718	0.1736
3	4	ORF1ab_20367:T>A_As719Glu_missense	20367.0	0.1569	0.2074	0.18215
4	5	S_23471:C>T_His655Tyr_missense	23471.0	0.5838	0.6021	0.59295
0	5	ORF1ab_6642:C>CT_Leu2146fs_frameshift	6642.0	0.1482	0.1335	0.14085
1	13	ORF1ab_15911:G>GT_Val5236fs_frameshift	15911.0	0.1399	0.0853	0.1126
2	22	S_23471:C>T_His655Tyr_missense	23471.0	0.8692	0.8906	0.8798999999999999
3	27	E_26391:T>C_Ser67Ser_synonymous	26391.0	0.8711	0.9138	0.89245
0	6	ORF1ab_6582:C>T_Thr2124Ile_missense	6582.0	0.2436	0.3339	0.28875
1	27	S_23471:C>T_His655Tyr_missense	23471.0	0.4202	0.5301	0.47515
2	31	S_24618:CA>C_Arg1039fs_frameshift	24618.0	0.0674	0.0635	0.06545000000000001
3	35	E_26391:T>C_Ser67Ser_synonymous	26391.0	0.6979	0.3202	0.50905
4	37	ORF7a_27342:G>GA_Ile3fs_frameshift	27342.0	0.0999	0.0645	0.0822
5	39	N_28256:C>A_Pro13Thr_missense	28256.0	0.3132	0.2599	0.28655
0	0	ORF1ab_6642:C>CT_Leu2146fs_frameshift	6642.0	0.0374	0.069	0.0532
1	1	ORF1ab_18348:T>A_Pro6046Pro_synonymous	18348.0	0.0368	0.0393	0.03805
2	2	ORF1ab_19097:C>T_Ala6296Val_missense	19097.0	0.0691	0.0694	0.06925
3	3	S_23471:C>T_His655Tyr_missense	23471.0	0.1973	0.2074	0.20235
4	4	E_26391:T>C_Ser67Ser_synonymous	26391.0	0.0783	0.0809	0.0796
5	5	ORF10-CHR_END_29701:GAGTGTAC>G__intergenic-region	29701.0	0.0792	0.0558	0.0675
0	0	ORF1ab_6642:C>CT_Leu2146fs_frameshift	6642.0	0.0433	0.0526	0.04795
1	1	ORF1ab_11029:G>T_Leu3606Phe_missense	11029.0	0.2305	0.2388	0.23465000000000005
2	2	S_21521:C>T_Leu5Phe_missense	21521.0	0.0539	0.0438	0.048850000000000005
3	3	S_23376:C>T_Ala623Val_missense	23376.0	0.0375	0.0341	0.0358
4	4	S_23471:C>T_His655Tyr_missense	23471.0	0.2517	0.2602	0.25595
5	5	E_26391:T>C_Ser67Ser_synonymous	26391.0	0.1108	0.1278	0.1193
0	0	ORF1ab_6642:C>CT_Leu2146fs_frameshift	6642.0	0.041	0.0702	0.0556
1	2	S_23471:C>T_His655Tyr_missense	23471.0	0.5611	0.5711	0.5661
2	3	E_26391:T>C_Ser67Ser_synonymous	26391.0	0.4507	0.4398	0.44525
0	0	ORF1ab_6642:C>CT_Leu2146fs_frameshift	6642.0	0.0411	0.055	0.04805
1	1	ORF1ab_11029:G>T_Leu3606Phe_missense	11029.0	0.1773	0.166	0.17165000000000002
2	2	S_21521:C>T_Leu5Phe_missense	21521.0	0.0778	0.07400000000000001	0.0759
3	3	S_23471:C>T_His655Tyr_missense	23471.0	0.2906	0.2887	0.28965
4	4	S_24703:G>T_Val1065Val_synonymous	24703.0	0.0936	0.0937	0.09365
5	5	E_26391:T>C_Ser67Ser_synonymous	26391.0	0.0499	0.0642	0.05705
0	0	ORF1ab_6642:C>CT_Leu2146fs_frameshift	6642.0	0.0517	0.0744	0.06305
1	1	ORF1ab_7835:G>A_Val2542Ile_missense	7835.0	0.075	0.0588	0.0669
2	2	S_23471:C>T_His655Tyr_missense	23471.0	0.1401	0.1256	0.13285
3	3	E_26391:T>C_Ser67Ser_synonymous	26391.0	0.1592	0.1194	0.1393
0	0	ORF1ab_6642:C>CT_Leu2146fs_frameshift	6642.0	0.0394	0.0576	0.0485
1	1	ORF1ab_11029:G>T_Leu3606Phe_missense	11029.0	0.2242	0.2604	0.2423
2	2	ORF1ab_19929:C>CT_As576fs_frameshift&stop	19929.0	0.0338	0.0309	0.03235
3	3	S_23376:C>T_Ala623Val_missense	23376.0	0.0971	0.0444	0.07075000000000001
4	4	S_23471:C>T_His655Tyr_missense	23471.0	0.2199	0.1864	0.20315
5	5	S_23506:TGGTGCAGGTATATGCGCTAGTTA>T_Gly667fs_frameshift	23506.0	0.0526	0.0573	0.05495
6	6	E_26391:T>C_Ser67Ser_synonymous	26391.0	0.108	0.0906	0.0993
0	0	ORF1ab_6642:C>CT_Leu2146fs_frameshift	6642.0	0.038	0.0409	0.03945
1	1	ORF1ab_8828:A>G_Ile2873Val_missense	8828.0	0.0355	0.0346	0.03505
2	2	ORF1ab_19097:C>T_Ala6296Val_missense	19097.0	0.0512	0.0381	0.04465
3	3	S_23471:C>T_His655Tyr_missense	23471.0	0.8269	0.8391	0.833
4	4	E_26284:G>A_Ala32Thr_missense	26284.0	0.0408	0.0529	0.04685
5	5	E_26391:T>C_Ser67Ser_synonymous	26391.0	0.1459	0.0976	0.12175
0	0	ORF1ab_6642:C>CT_Leu2146fs_frameshift	6642.0	0.0499	0.0705	0.0602
1	1	ORF1ab_19097:C>T_Ala6296Val_missense	19097.0	0.0894	0.0976	0.0935
2	2	S_23471:C>T_His655Tyr_missense	23471.0	0.3833	0.3364	0.35985
3	3	E_26391:T>C_Ser67Ser_synonymous	26391.0	0.2881	0.2929	0.2905
0	0	ORF1ab_1168:T>C_Thr319Thr_synonymous	1168.0	0.0437	0.0506	0.04715
1	1	ORF1ab_6642:C>CT_Leu2146fs_frameshift	6642.0	0.048	0.0751	0.06155
2	2	ORF1ab_7858:T>C_Cys2549Cys_synonymous	7858.0	0.0707	0.0488	0.05975
3	3	ORF1ab_16275:C>T_Tyr5355Tyr_synonymous	16275.0	0.1048	0.0921	0.09845
4	4	S_23471:C>T_His655Tyr_missense	23471.0	0.2891	0.2499	0.2695
5	5	S_23541:C>T_Thr678Ile_missense	23541.0	0.1796	0.1435	0.16155
6	6	E_26391:T>C_Ser67Ser_synonymous	26391.0	0.2071	0.2699	0.2385
0	0	ORF1ab_2763:A>C_Lys851Thr_missense	2763.0	0.2634	0.2333	0.24835
1	1	ORF1ab_4870:T>C_Phe1553Phe_synonymous	4870.0	0.038	0.0608	0.0494
2	2	ORF1ab_6642:C>CT_Leu2146fs_frameshift	6642.0	0.0353	0.0763	0.0558
3	3	ORF1ab_15114:G>A_Leu4968Leu_synonymous	15114.0	0.0703	0.0446	0.05745
4	4	ORF1ab_19097:C>T_Ala6296Val_missense	19097.0	0.0421	0.0347	0.0384
5	5	S_23471:C>T_His655Tyr_missense	23471.0	0.2742	0.3233	0.29875
6	6	E_26391:T>C_Ser67Ser_synonymous	26391.0	0.2809	0.2631	0.272
0	0	ORF1ab_6642:C>CT_Leu2146fs_frameshift	6642.0	0.0541	0.0823	0.0682
1	1	S_23471:C>T_His655Tyr_missense	23471.0	0.0828	0.0761	0.07944999999999999
2	2	S_25174:T>A_Ala1222Ala_synonymous	25174.0	0.8723	0.8785	0.8754
3	3	E_26391:T>C_Ser67Ser_synonymous	26391.0	0.0864	0.0866	0.0865
0	0	ORF1ab_2763:A>C_Lys851Thr_missense	2763.0	0.4555	0.4826	0.46905
1	1	ORF1ab_4870:T>C_Phe1553Phe_synonymous	4870.0	0.2071	0.1938	0.20045
2	2	ORF1ab_6642:C>CT_Leu2146fs_frameshift	6642.0	0.0387	0.0588	0.04875
3	3	ORF1ab_11029:G>T_Leu3606Phe_missense	11029.0	0.0342	0.0405	0.03735
4	5	S_23471:C>T_His655Tyr_missense	23471.0	0.2597	0.2441	0.2519
5	6	E_26391:T>C_Ser67Ser_synonymous	26391.0	0.2336	0.2182	0.2259
0	0	ORF1ab_2763:A>C_Lys851Thr_missense	2763.0	0.053	0.0446	0.0488
1	1	ORF1ab_4870:T>C_Phe1553Phe_synonymous	4870.0	0.16699999999999998	0.1948	0.1809
2	2	ORF1ab_6642:C>CT_Leu2146fs_frameshift	6642.0	0.047	0.0693	0.05815
3	3	ORF1ab_19097:C>T_Ala6296Val_missense	19097.0	0.0302	0.0423	0.03625
4	4	S_23471:C>T_His655Tyr_missense	23471.0	0.2812	0.2882	0.2847
5	5	S_23503:CATTGGTGCAGGTATATGCGCTAGTT>C_Gly667fs_frameshift	23503.0	0.0399	0.0385	0.0392
6	6	E_26279:C>T_Thr30Ile_missense	26279.0	0.0703	0.0683	0.0693
7	7	E_26391:T>C_Ser67Ser_synonymous	26391.0	0.2253	0.218	0.22165
0	0	ORF1ab_6642:C>CT_Leu2146fs_frameshift	6642.0	0.0837	0.081	0.08235
1	1	ORF1ab_15911:G>GT_Val5236fs_frameshift	15911.0	0.0304	0.0361	0.03325
2	3	S_25174:T>A_Ala1222Ala_synonymous	25174.0	0.6525	0.6974	0.6749499999999999
0	0	ORF1ab_1982:G>T_Ala591Ser_missense	1982.0	0.0438	0.0457	0.04475
1	1	ORF1ab_6642:C>CT_Leu2146fs_frameshift	6642.0	0.0397	0.0498	0.04475
2	2	S_23471:C>T_His655Tyr_missense	23471.0	0.9933	0.9922	1.0
3	3	E_26391:T>C_Ser67Ser_synonymous	26391.0	0.9983	0.9979	1.0
0	0	ORF1ab_1982:G>T_Ala591Ser_missense	1982.0	0.0389	0.0418	0.04035
1	1	ORF1ab_6642:C>CT_Leu2146fs_frameshift	6642.0	0.0748	0.0632	0.069
2	3	ORF1ab_15911:G>GT_Val5236fs_frameshift	15911.0	0.0887	0.0445	0.06659999999999999
3	5	S_23471:C>T_His655Tyr_missense	23471.0	0.9812	0.9801	1.0
4	6	E_26391:T>C_Ser67Ser_synonymous	26391.0	0.9918	0.9924	1.0
0	0	ORF1ab_6642:C>CT_Leu2146fs_frameshift	6642.0	0.0429	0.0522	0.04755
1	1	S_23471:C>T_His655Tyr_missense	23471.0	0.959	0.9499	0.95445
2	2	E_26391:T>C_Ser67Ser_synonymous	26391.0	0.9859	0.98	1.0
0	0	ORF1ab_6642:C>CT_Leu2146fs_frameshift	6642.0	0.0499	0.0617	0.0558
1	1	ORF1ab_11029:G>T_Leu3606Phe_missense	11029.0	0.0629	0.0527	0.0578
2	2	S_23471:C>T_His655Tyr_missense	23471.0	0.9837	0.9861	1.0
3	3	E_26391:T>C_Ser67Ser_synonymous	26391.0	0.9906	0.9891	1.0
0	0	ORF1ab_6642:C>CT_Leu2146fs_frameshift	6642.0	0.0492	0.0568	0.053000000000000005
1	1	ORF1ab_11029:G>T_Leu3606Phe_missense	11029.0	0.1176	0.1213	0.11945
2	2	ORF1ab_15096:G>T_Gln4962His_missense	15096.0	0.0377	0.0308	0.03425
3	3	S_23471:C>T_His655Tyr_missense	23471.0	0.9778	0.9803	1.0
4	4	E_26391:T>C_Ser67Ser_synonymous	26391.0	0.9893	0.9884	1.0
0	0	ORF1ab_6642:C>CT_Leu2146fs_frameshift	6642.0	0.0421	0.0511	0.0466
1	1	ORF1ab_9882:C>T_Thr3224Ile_missense	9882.0	0.0694	0.0893	0.07935
2	2	ORF1ab_11029:G>T_Leu3606Phe_missense	11029.0	0.1901	0.1801	0.1851
3	3	S_23471:C>T_His655Tyr_missense	23471.0	0.9268	0.9521	0.93945
4	4	E_26391:T>C_Ser67Ser_synonymous	26391.0	0.9769	0.9795	1.0
0	17	E_26391:T>C_Ser67Ser_synonymous	26391.0	0.9058	0.5	0.7029000000000001
0	21	E_26391:T>C_Ser67Ser_synonymous	26391.0	0.4846	0.1842	0.3344
0	2	ORF1ab_11028:TG>T_Leu3606fs_frameshift	11028.0	0.0343	0.0365	0.0354
1	3	ORF1ab_11029:G>T_Leu3606Phe_missense	11029.0	0.955	0.9565	0.95575
0	0	ORF1ab_5479:A>G_Gly1756Gly_synonymous	5479.0	0.9885	0.9913	1.0
1	1	ORF1ab_6642:C>CT_Leu2146fs_frameshift	6642.0	0.0632	0.0603	0.06175
2	2	ORF1ab_11028:TG>T_Leu3606fs_frameshift	11028.0	0.0733	0.0731	0.0732
3	3	ORF1ab_11028:T>TT_Leu3606fs_frameshift	11028.0	0.0893	0.0905	0.08990000000000001
4	4	ORF1ab_11029:G>T_Leu3606Phe_missense	11029.0	0.9114	0.9118	0.9116
5	5	ORF1ab_15911:G>GT_Val5236fs_frameshift	15911.0	0.0483	0.0413	0.044800000000000006
0	0	ORF1ab_5479:A>G_Gly1756Gly_synonymous	5479.0	0.9967	0.9962	1.0
1	1	ORF1ab_6642:C>CT_Leu2146fs_frameshift	6642.0	0.0902	0.0764	0.0833
2	2	ORF1ab_11028:TG>T_Leu3606fs_frameshift	11028.0	0.0707	0.0708	0.07075000000000001
3	3	ORF1ab_11028:T>TT_Leu3606fs_frameshift	11028.0	0.0857	0.0885	0.0871
4	4	ORF1ab_11029:G>T_Leu3606Phe_missense	11029.0	0.923	0.9208	0.9219
5	5	ORF1ab_15911:G>GT_Val5236fs_frameshift	15911.0	0.0603	0.0489	0.0546
6	6	ORF1ab_19929:C>CT_As576fs_frameshift&stop	19929.0	0.0434	0.0316	0.037500000000000006
0	0	ORF1ab_5479:A>G_Gly1756Gly_synonymous	5479.0	0.9931	0.9917	1.0
1	1	ORF1ab_6642:C>CT_Leu2146fs_frameshift	6642.0	0.0745	0.0623	0.0684
2	2	ORF1ab_11028:TG>T_Leu3606fs_frameshift	11028.0	0.0783	0.0796	0.07894999999999999
3	3	ORF1ab_11028:T>TT_Leu3606fs_frameshift	11028.0	0.0817	0.0757	0.07869999999999999
4	4	ORF1ab_11029:G>T_Leu3606Phe_missense	11029.0	0.9115	0.9076	0.90955
5	5	ORF1ab_15911:G>GT_Val5236fs_frameshift	15911.0	0.064	0.0404	0.0522
0	0	ORF1ab_5479:A>G_Gly1756Gly_synonymous	5479.0	0.9946	0.9943	1.0
1	1	ORF1ab_6642:C>CT_Leu2146fs_frameshift	6642.0	0.0752	0.0631	0.06915
2	2	ORF1ab_11028:TG>T_Leu3606fs_frameshift	11028.0	0.0784	0.0798	0.0791
3	3	ORF1ab_11028:T>TT_Leu3606fs_frameshift	11028.0	0.0787	0.0768	0.07775
4	4	ORF1ab_11029:G>T_Leu3606Phe_missense	11029.0	0.9122	0.9083	0.91025
5	5	ORF1ab_15911:G>GT_Val5236fs_frameshift	15911.0	0.0779	0.0424	0.06015
0	0	ORF1ab_5479:A>G_Gly1756Gly_synonymous	5479.0	0.9917	0.9945	1.0
1	1	ORF1ab_6642:C>CT_Leu2146fs_frameshift	6642.0	0.0707	0.0631	0.0669
2	2	ORF1ab_11028:TG>T_Leu3606fs_frameshift	11028.0	0.0801	0.0682	0.07415
3	3	ORF1ab_11028:T>TT_Leu3606fs_frameshift	11028.0	0.0851	0.0591	0.0721
4	4	ORF1ab_11029:G>T_Leu3606Phe_missense	11029.0	0.9031	0.9199	0.9115
5	5	ORF1ab_15911:G>GT_Val5236fs_frameshift	15911.0	0.0656	0.0534	0.0595
6	7	S_21837:TAG>T_As11fs_frameshift	21837.0	0.031	0.0473	0.03915
0	0	ORF1ab_6642:C>CT_Leu2146fs_frameshift	6642.0	0.0458	0.045	0.0454
1	1	S_23471:C>T_His655Tyr_missense	23471.0	0.9552	0.9578	0.9565
2	2	E_26391:T>C_Ser67Ser_synonymous	26391.0	0.9718	0.969	1.0
3	3	N_29457:G>A_Ser413Asn_missense	29457.0	0.0623	0.0608	0.06155
0	0	ORF1ab_21415:A>G_Ile7069Val_missense	21415.0	0.1745	0.1858	0.18015
1	1	S_23471:C>T_His655Tyr_missense	23471.0	0.8546	0.8513	0.85295
2	2	E_26391:T>C_Ser67Ser_synonymous	26391.0	0.8499	0.8632	0.8565499999999999
3	3	N_29457:G>A_Ser413Asn_missense	29457.0	0.0803	0.0797	0.07999999999999999
